{
  "model_metrics": {
    "model": "XGBoost",
    "accuracy": 0.9,
    "precision_macro": 0.9393939393939394,
    "recall_macro": 0.9047619047619048,
    "f1_macro": 0.9111111111111111,
    "auc_roc": 0.9819809819809819,
    "per_class": {
      "reject": {
        "precision": 1.0,
        "recall": 1.0,
        "f1": 1.0,
        "support": 4.0
      },
      "maybe": {
        "precision": 1.0,
        "recall": 0.7142857142857143,
        "f1": 0.8333333333333334,
        "support": 7.0
      },
      "shortlist": {
        "precision": 0.8181818181818182,
        "recall": 1.0,
        "f1": 0.9,
        "support": 9.0
      }
    }
  },
  "baseline_metrics": {
    "GPA Ranking": {
      "model": "GPA Ranking",
      "accuracy": 0.5,
      "precision_macro": 0.5079365079365079,
      "recall_macro": 0.5767195767195766,
      "f1_macro": 0.5285714285714286,
      "per_class": {
        "reject": {
          "precision": 0.6666666666666666,
          "recall": 1.0,
          "f1": 0.8,
          "support": 4.0
        },
        "maybe": {
          "precision": 0.2857142857142857,
          "recall": 0.2857142857142857,
          "f1": 0.2857142857142857,
          "support": 7.0
        },
        "shortlist": {
          "precision": 0.5714285714285714,
          "recall": 0.4444444444444444,
          "f1": 0.5,
          "support": 9.0
        }
      }
    },
    "Rule-Based": {
      "model": "Rule-Based",
      "accuracy": 0.45,
      "precision_macro": 0.47222222222222215,
      "recall_macro": 0.5396825396825397,
      "f1_macro": 0.48888888888888893,
      "per_class": {
        "reject": {
          "precision": 0.6666666666666666,
          "recall": 1.0,
          "f1": 0.8,
          "support": 4.0
        },
        "maybe": {
          "precision": 0.25,
          "recall": 0.2857142857142857,
          "f1": 0.26666666666666666,
          "support": 7.0
        },
        "shortlist": {
          "precision": 0.5,
          "recall": 0.3333333333333333,
          "f1": 0.4,
          "support": 9.0
        }
      }
    },
    "Logistic Regression": {
      "model": "Logistic Regression",
      "accuracy": 0.95,
      "precision_macro": 0.9333333333333332,
      "recall_macro": 0.9523809523809524,
      "f1_macro": 0.9373219373219372,
      "per_class": {
        "reject": {
          "precision": 0.8,
          "recall": 1.0,
          "f1": 0.8888888888888888,
          "support": 4.0
        },
        "maybe": {
          "precision": 1.0,
          "recall": 0.8571428571428571,
          "f1": 0.9230769230769231,
          "support": 7.0
        },
        "shortlist": {
          "precision": 1.0,
          "recall": 1.0,
          "f1": 1.0,
          "support": 9.0
        }
      }
    }
  },
  "cross_validation": {
    "n_folds": 5,
    "accuracy_mean": 0.95,
    "accuracy_std": 0.06123724356957945,
    "f1_macro_mean": 0.9426984126984127,
    "f1_macro_std": 0.07030939793974585,
    "fold_accuracies": [
      0.875,
      1.0,
      1.0,
      1.0,
      0.875
    ],
    "fold_f1s": [
      0.8634920634920634,
      1.0,
      1.0,
      1.0,
      0.85
    ]
  },
  "error_analysis": {
    "total_errors": 2,
    "total_samples": 20,
    "error_rate": 0.1,
    "error_types": {
      "maybe → shortlist": 2
    }
  }
}